arch	elite	slot	cand	guid	zh	int	type	rar	lvl	restr
近战 Melee	铁壁 · 先锋队长	0	0	8ca60374722b4eeea27d99c3b17fb09e	痛苦尖叫	BladeOfMalice_Item	Weapon	Unique	0	Stat152>=60 EXCL(SpaceMarineEquipment_Profi,DrukhariArmourProficiency_,AeldariArmourProficiency_F)
近战 Melee	铁壁 · 先锋队长	0	1	eaa742e43d8e48a3a450c4d59431b03e	哀恸之刃	DeathCultSwordCH2Unique_Item	Weapon	Unique	0	EXCL(SpaceMarineEquipment_Profi,DrukhariArmourProficiency_,AeldariArmourProficiency_F)
近战 Melee	铁壁 · 先锋队长	0	2	8c304b20633145f39577a392201d2047	自主攻击能量剑	AutoStriking_PowerSword_Item	Weapon	Unique	0	EXCL(SpaceMarineEquipment_Profi,DrukhariArmourProficiency_,AeldariArmourProficiency_F)
近战 Melee	铁壁 · 先锋队长	1	0	e0e76a258d844385a16c9dc602caa316	碎骨霰弹枪	PistolShotgunCH04Unique_Item	Weapon	Unique	0	EXCL(SpaceMarineEquipment_Profi,DrukhariArmourProficiency_,AeldariArmourProficiency_F)
近战 Melee	铁壁 · 先锋队长	2	0	c1c07d80309c47de99b055ba9eb43a07	雕血师	AetherRuneArmour_Item	Armor	Unique	0	REQ(PowerArmourProficiency) REQ(SpaceMarineEquipment_Featu)
近战 Melee	铁壁 · 先锋队长	2	1	e84349dae8bb4a818fa4473ce32dcd9a	血腥报复	HolyPowerArmour_Item_Uralon	Armor	Unique	0	REQ(SpaceMarineEquipment_Featu) REQ(PowerArmourProficiency)
近战 Melee	铁壁 · 先锋队长	2	2	8b13aef5103a4719980774c0d4a12506	元帅的科罗努斯扩区护甲	MarshallsArmouroftheKoronusExpanse_Item_Unlootable	Armor	Unique	0	EXCL(SpaceMarineEquipment_Featu,AeldariArmourProficiency_F,DrukhariArmourProficiency_) REQ(HeavyArmourProficiency_Fea)
近战 Melee	铁壁 · 先锋队长	2	3	1fede9d9621f437c92832e239426bbcf	血色审判	Fleshbreaker_PowerArmor_Item	Armor	Unique	0	REQ(PowerArmourProficiency) EXCL(SpaceMarineEquipment_Featu,DrukhariArmourProficiency_,AeldariArmourProficiency_F) EXCL(AdeptaSororitas_Occupation)
近战 Melee	铁壁 · 先锋队长	3	0	8992baa7047e4736b43fa1b94b0407b6	痛苦欢宴	ReinforcedGloves_Item	EquipmentGloves	Common	0	EXCL(SpaceMarineEquipment_Profi)
近战 Melee	铁壁 · 先锋队长	4	0	abb1cff0af5748898bad93a355817e4c	轻型机械手	PortativeManipulator_Item	EquipmentRing	Unique	0	
近战 Melee	铁壁 · 先锋队长	5	0	819721a3da0740b6943b36f5d3d6dfd3	马尔皮裹尸布	IronCape_Item	EquipmentShoulders	Common	0	EXCL(SpaceMarineEquipment_Featu)
近战 Melee	铁壁 · 先锋队长	6	0	b5a23e5ce00248efb454d07871f5b3d4	惯性之靴	InertiaBoots_Item	EquipmentFeet	Common	0	EXCL(SpaceMarineEquipment_Featu)
近战 Melee	铁壁 · 先锋队长	6	1	4b06abc0736449eb8adecad43a2b37df	虚空老兵战靴	ChargerBoots_Item	EquipmentFeet	Unique	0	EXCL(SpaceMarineEquipment_Featu)
近战 Melee	铁壁 · 先锋队长	7	0	18b727b71c794b558d229a7831ef7bee	聚焦发射器 (MK“猎人”)	Augment_Eye_01_Shoot_Hunter_Item	Augment	Unique	0	EXCL(SpaceMarineEquipment_Featu,DrukhariArmourProficiency_,AeldariArmourProficiency_F,Navigator_Occupation_Featu) AugmentTier
近战 Melee	铁壁 · 先锋队长	7	1	8d598bfec7e042029ab0c2a2ec8c478b	聚焦发射器 (MK-II)	Augment_Eye_01_Shoot_MK_2_Item	Augment	Unique	0	EXCL(SpaceMarineEquipment_Featu,DrukhariArmourProficiency_,AeldariArmourProficiency_F,Navigator_Occupation_Featu) AugmentTier
近战 Melee	铁壁 · 先锋队长	7	2	587c9d09efc4481282271ee0db9df7c1	聚焦发射器 (MK-I)	Augment_Eye_01_Shoot_MK_1_Item	Augment	Pattern	0	EXCL(SpaceMarineEquipment_Featu,DrukhariArmourProficiency_,AeldariArmourProficiency_F,Navigator_Occupation_Featu)
近战 Melee	铁壁 · 先锋队长	8	0	13757f3863ec47929fd914b7f306fa31	相位振荡器 (MK“战术家”)	Augment_Leg_03_TractorPass_Tactic_Item	Augment	Unique	0	EXCL(SpaceMarineEquipment_Featu,DrukhariArmourProficiency_,AeldariArmourProficiency_F,Navigator_Occupation_Featu) AugmentTier
近战 Melee	铁壁 · 先锋队长	8	1	3abc1cf2a493471b938dc1b7106dc481	相位振荡器 (MK-II)	Augment_Leg_03_TractorPass_MK_2_Item	Augment	Unique	0	EXCL(SpaceMarineEquipment_Featu,DrukhariArmourProficiency_,AeldariArmourProficiency_F,Navigator_Occupation_Featu) AugmentTier
近战 Melee	铁壁 · 先锋队长	8	2	7656626a2e23485eb8c2fe1017e4ae46	相位振荡器 (MK-I)	Augment_Leg_03_TractorPass_MK_1_Item	Augment	Pattern	0	EXCL(SpaceMarineEquipment_Featu,DrukhariArmourProficiency_,AeldariArmourProficiency_F,Navigator_Occupation_Featu)
近战 Melee	铁壁 · 先锋队长	9	0	7e2b91b8cc944f4c951fb2058fcb2f22	大脑逆变器 (MK“特工”)	Augment_Systems_05_Logic_Adept_Item	Augment	Pattern	0	EXCL(SpaceMarineEquipment_Featu,DrukhariArmourProficiency_,AeldariArmourProficiency_F,Navigator_Occupation_Featu)
近战 Melee	铁壁 · 先锋队长	9	1	fa121ed0f18c4017a53c7adb6036a552	大脑逆变器 (MK-II)	Augment_Systems_05_Logic_MK_2_Item	Augment	Unique	0	EXCL(SpaceMarineEquipment_Featu,DrukhariArmourProficiency_,AeldariArmourProficiency_F,Navigator_Occupation_Featu) AugmentTier
近战 Melee	铁壁 · 先锋队长	9	2	fe6060602c6d4b71be16808f05368242	大脑逆变器 (MK-I)	Augment_Systems_05_Logic_MK_1_Item	Augment	Pattern	0	EXCL(SpaceMarineEquipment_Featu,DrukhariArmourProficiency_,AeldariArmourProficiency_F,Navigator_Occupation_Featu)
近战 Melee	磐石 · 首席战士	0	0	9c190bd2019742db8697ac91da1d985e	能量镐	PowerPick_Item	Weapon	Common	0	EXCL(SpaceMarineEquipment_Profi,DrukhariArmourProficiency_,AeldariArmourProficiency_F)
近战 Melee	磐石 · 首席战士	1	0	1c7a3dcf6afa4b48a7028642e596ab61	【瑞扎型】敌者之锤	FoehammerT2CH3_Item	Weapon	Pattern	0	EXCL(SpaceMarineEquipment_Profi,DrukhariArmourProficiency_,AeldariArmourProficiency_F)
近战 Melee	磐石 · 首席战士	2	0	bb427b937c304ece913793a020aea87f	叛军狙击步枪	SniperRifleT2_Item	Weapon	Pattern	0	EXCL(SpaceMarineEquipment_Profi,DrukhariArmourProficiency_,AeldariArmourProficiency_F)
近战 Melee	磐石 · 首席战士	3	0	c1c07d80309c47de99b055ba9eb43a07	雕血师	AetherRuneArmour_Item	Armor	Unique	0	REQ(PowerArmourProficiency) REQ(SpaceMarineEquipment_Featu)
近战 Melee	磐石 · 首席战士	3	1	e84349dae8bb4a818fa4473ce32dcd9a	血腥报复	HolyPowerArmour_Item_Uralon	Armor	Unique	0	REQ(SpaceMarineEquipment_Featu) REQ(PowerArmourProficiency)
近战 Melee	磐石 · 首席战士	3	2	8b13aef5103a4719980774c0d4a12506	元帅的科罗努斯扩区护甲	MarshallsArmouroftheKoronusExpanse_Item_Unlootable	Armor	Unique	0	EXCL(SpaceMarineEquipment_Featu,AeldariArmourProficiency_F,DrukhariArmourProficiency_) REQ(HeavyArmourProficiency_Fea)
近战 Melee	磐石 · 首席战士	3	3	1fede9d9621f437c92832e239426bbcf	血色审判	Fleshbreaker_PowerArmor_Item	Armor	Unique	0	REQ(PowerArmourProficiency) EXCL(SpaceMarineEquipment_Featu,DrukhariArmourProficiency_,AeldariArmourProficiency_F) EXCL(AdeptaSororitas_Occupation)
近战 Melee	磐石 · 首席战士	4	0	f6f3b301deb5474c92de0560e8ac2f22	决心头盔	CalmingHelmet_Item	EquipmentHead	Unique	0	REQ(1bc89bf8232c4254919bd11fba) EXCL(AeldariArmourProficiency_F,SpaceMarineEquipment_Featu,DrukhariArmourProficiency_)
近战 Melee	磐石 · 首席战士	5	0	78d1a75785df4d638b813d5b8e32d817	遗忘恩典	ServoCollar_Item	EquipmentNeck	Common	0	
近战 Melee	磐石 · 首席战士	6	0	db9cd531f9914828915fa4158d07f6d0	植入物手套	AugmentedlGloves_Item	EquipmentGloves	Common	0	EXCL(SpaceMarineEquipment_Featu)
近战 Melee	磐石 · 首席战士	7	0	470ac5563173442c858b767d68e27836	不屈先锋之靴	BeaconBoots_Item	EquipmentFeet	Unique	0	EXCL(SpaceMarineEquipment_Featu)
近战 Melee	磐石 · 首席战士	8	0	e16a1788d69040328ac3b706cd873e06	英雄主义披风	CloakOfHeroes_Item	EquipmentShoulders	Unique	0	REQ(1bc89bf8232c4254919bd11fba) EXCL(SpaceMarineEquipment_Featu)
近战 Melee	磐石 · 首席战士	9	0	5f77ec7d55304efc9c7eb92748d3ba17	饮血戒指	Absorber_Item	EquipmentRing	Unique	0	
近战 Melee	磐石 · 首席战士	10	0	6b85b79132e140a7a52d9fe32d8f5c36	双重护套	PairHolster_Item	EquipmentRing	Common	0	
近战 Melee	磐石 · 首席战士	11	0	8d598bfec7e042029ab0c2a2ec8c478b	聚焦发射器 (MK-II)	Augment_Eye_01_Shoot_MK_2_Item	Augment	Unique	0	EXCL(SpaceMarineEquipment_Featu,DrukhariArmourProficiency_,AeldariArmourProficiency_F,Navigator_Occupation_Featu) AugmentTier
近战 Melee	磐石 · 首席战士	11	1	587c9d09efc4481282271ee0db9df7c1	聚焦发射器 (MK-I)	Augment_Eye_01_Shoot_MK_1_Item	Augment	Pattern	0	EXCL(SpaceMarineEquipment_Featu,DrukhariArmourProficiency_,AeldariArmourProficiency_F,Navigator_Occupation_Featu)
狙击 Sniper	寂静之眼	0	0	9fbd2aaded9948e483295466830fab1f	库诺斯之礼	LongRifleUniqueCh4V2_Item	Weapon	Unique	0	REQ(AeldariWeaponProficiency_F)
狙击 Sniper	寂静之眼	0	1	f0a4e0192871429f9dadc0eb779c6294	纱芮尔摇篮曲	LongRifleUniqueCh3V1_Item	Weapon	Unique	0	REQ(AeldariWeaponProficiency_F)
狙击 Sniper	寂静之眼	0	2	34612ed374a74558815bc594244eb1b2	残酷命运	GovernorsSniperRifle_Item	Weapon	Unique	0	EXCL(SpaceMarineEquipment_Profi,DrukhariArmourProficiency_,AeldariArmourProficiency_F)
狙击 Sniper	寂静之眼	0	3	a223f91296d24d65a3390651c247ed83	流浪者之兆	JaeQuest_LongRifle_Item	Weapon	Common	0	REQ(AeldariWeaponProficiency_F)
狙击 Sniper	寂静之眼	0	4	d043a2289a1f45f784a415057c725cb5	赫卡顿之眼	AeldariScout_LongRifle_Item	Weapon	Unique	0	REQ(AeldariWeaponProficiency_F)
狙击 Sniper	寂静之眼	1	0	e202201c375a45b697d7bba5ac68c6ee	弹道计算单筒镜	ManipulusHeadCh2_Item	EquipmentHead	Common	0	EXCL(SpaceMarineEquipment_Featu)
狙击 Sniper	寂静之眼	2	0	c1c07d80309c47de99b055ba9eb43a07	雕血师	AetherRuneArmour_Item	Armor	Unique	0	REQ(PowerArmourProficiency) REQ(SpaceMarineEquipment_Featu)
狙击 Sniper	寂静之眼	3	0	1b447777d38f43baa643fc2e915d6ef3	神射手护腕	StabilizerBracers_Item	EquipmentGloves	Common	0	EXCL(SpaceMarineEquipment_Featu)
狙击 Sniper	寂静之眼	4	0	2c37192f73bf4b89abd89d12e4040d75	活力项饰	InvigoratingResolve_Item	EquipmentNeck	Common	0	
狙击 Sniper	寂静之眼	5	0	50c5be09ff9942969db57298b1beb4cb	作战计划	BattlePlan_Item	EquipmentRing	Unique	0	
狙击 Sniper	寂静之眼	6	0	47b52da77a194da2837e6d6ebfb9e918	指挥官计时器	CommandersChrono_Item	EquipmentRing	Common	0	
狙击 Sniper	寂静之眼	7	0	774361e6945849889568fae24be57450	暗影潜伏斗篷	ShadowguideCloak_Item	EquipmentShoulders	Common	0	EXCL(SpaceMarineEquipment_Featu)
狙击 Sniper	寂静之眼	8	0	9dea103b7d9d41238a318142cf057273	散兵战靴	SkirmisherBoots_Item	EquipmentFeet	Common	0	EXCL(SpaceMarineEquipment_Featu)
狙击 Sniper	寂静之眼	9	0	fd1da14cd1f54ef0a280ce1160dde3e6	弹道计算器	Augment_Eye_04_Ricochet_Item	Augment	Pattern	0	EXCL(SpaceMarineEquipment_Featu,DrukhariArmourProficiency_,AeldariArmourProficiency_F,Navigator_Occupation_Featu)
狙击 Sniper	寂静之眼	10	0	d16dbc47d0fc46c0833b3549f9be82f0	大脑逆变器 (MK“猎人”)	Augment_Systems_05_Logic_Hunt_Item	Augment	Unique	0	EXCL(SpaceMarineEquipment_Featu,DrukhariArmourProficiency_,AeldariArmourProficiency_F,Navigator_Occupation_Featu) AugmentTier
狙击 Sniper	寂静之眼	10	1	fa121ed0f18c4017a53c7adb6036a552	大脑逆变器 (MK-II)	Augment_Systems_05_Logic_MK_2_Item	Augment	Unique	0	EXCL(SpaceMarineEquipment_Featu,DrukhariArmourProficiency_,AeldariArmourProficiency_F,Navigator_Occupation_Featu) AugmentTier
狙击 Sniper	寂静之眼	10	2	fe6060602c6d4b71be16808f05368242	大脑逆变器 (MK-I)	Augment_Systems_05_Logic_MK_1_Item	Augment	Pattern	0	EXCL(SpaceMarineEquipment_Featu,DrukhariArmourProficiency_,AeldariArmourProficiency_F,Navigator_Occupation_Featu)
狙击 Sniper	赏金 · 猎首	0	0	d043a2289a1f45f784a415057c725cb5	赫卡顿之眼	AeldariScout_LongRifle_Item	Weapon	Unique	0	REQ(AeldariWeaponProficiency_F)
狙击 Sniper	赏金 · 猎首	0	1	9fbd2aaded9948e483295466830fab1f	库诺斯之礼	LongRifleUniqueCh4V2_Item	Weapon	Unique	0	REQ(AeldariWeaponProficiency_F)
狙击 Sniper	赏金 · 猎首	0	2	f0a4e0192871429f9dadc0eb779c6294	纱芮尔摇篮曲	LongRifleUniqueCh3V1_Item	Weapon	Unique	0	REQ(AeldariWeaponProficiency_F)
狙击 Sniper	赏金 · 猎首	0	3	34612ed374a74558815bc594244eb1b2	残酷命运	GovernorsSniperRifle_Item	Weapon	Unique	0	EXCL(SpaceMarineEquipment_Profi,DrukhariArmourProficiency_,AeldariArmourProficiency_F)
狙击 Sniper	赏金 · 猎首	0	4	a223f91296d24d65a3390651c247ed83	流浪者之兆	JaeQuest_LongRifle_Item	Weapon	Common	0	REQ(AeldariWeaponProficiency_F)
狙击 Sniper	赏金 · 猎首	1	0	e202201c375a45b697d7bba5ac68c6ee	弹道计算单筒镜	ManipulusHeadCh2_Item	EquipmentHead	Common	0	EXCL(SpaceMarineEquipment_Featu)
狙击 Sniper	赏金 · 猎首	2	0	c1c07d80309c47de99b055ba9eb43a07	雕血师	AetherRuneArmour_Item	Armor	Unique	0	REQ(PowerArmourProficiency) REQ(SpaceMarineEquipment_Featu)
狙击 Sniper	赏金 · 猎首	2	1	25bdbe6c879b4795b76dd5e2c13dddc9	附魔走私者护甲	ModifiedRibSuit_Item	Armor	Unique	0	EXCL(SpaceMarineEquipment_Featu,DrukhariArmourProficiency_,AeldariArmourProficiency_F) REQ(HeavyArmourProficiency_Fea)
狙击 Sniper	赏金 · 猎首	2	2	0a50d9c3a4e84f29a0f78894a1150e49	肋骨套装	HeavyRibSuit_Item	Armor	Unique	0	EXCL(SpaceMarineEquipment_Featu,DrukhariArmourProficiency_,AeldariArmourProficiency_F) REQ(HeavyArmourProficiency_Fea)
狙击 Sniper	赏金 · 猎首	2	3	daffadd94a844e919a34d08e54bf5ff1	【源自战争世界】远征板甲	CrusadePlateArmour_Item	Armor	Pattern	0	EXCL(SpaceMarineEquipment_Featu,AeldariArmourProficiency_F,DrukhariArmourProficiency_) REQ(HeavyArmourProficiency_Fea)
狙击 Sniper	赏金 · 猎首	3	0	1b447777d38f43baa643fc2e915d6ef3	神射手护腕	StabilizerBracers_Item	EquipmentGloves	Common	0	EXCL(SpaceMarineEquipment_Featu)
狙击 Sniper	赏金 · 猎首	4	0	2c37192f73bf4b89abd89d12e4040d75	活力项饰	InvigoratingResolve_Item	EquipmentNeck	Common	0	
狙击 Sniper	赏金 · 猎首	5	0	50c5be09ff9942969db57298b1beb4cb	作战计划	BattlePlan_Item	EquipmentRing	Unique	0	
狙击 Sniper	赏金 · 猎首	6	0	47b52da77a194da2837e6d6ebfb9e918	指挥官计时器	CommandersChrono_Item	EquipmentRing	Common	0	
狙击 Sniper	赏金 · 猎首	7	0	774361e6945849889568fae24be57450	暗影潜伏斗篷	ShadowguideCloak_Item	EquipmentShoulders	Common	0	EXCL(SpaceMarineEquipment_Featu)
狙击 Sniper	赏金 · 猎首	8	0	9dea103b7d9d41238a318142cf057273	散兵战靴	SkirmisherBoots_Item	EquipmentFeet	Common	0	EXCL(SpaceMarineEquipment_Featu)
狙击 Sniper	赏金 · 猎首	9	0	fd1da14cd1f54ef0a280ce1160dde3e6	弹道计算器	Augment_Eye_04_Ricochet_Item	Augment	Pattern	0	EXCL(SpaceMarineEquipment_Featu,DrukhariArmourProficiency_,AeldariArmourProficiency_F,Navigator_Occupation_Featu)
连射 Suppress	怒火 · 首席连射	0	0	a9cb0b71c88043a886992fe55f1d9d77	枪手头盔	PrecisionFocus_Item	EquipmentHead	Unique	0	EXCL(SpaceMarineEquipment_Featu)
连射 Suppress	怒火 · 首席连射	1	0	3803098850504a7ebf80d6fbb70c37c6	改装工匠护甲	ModifiedArtificerArmour_Item	Armor	Unique	0	REQ(PowerArmourProficiency) EXCL(SpaceMarineEquipment_Featu,DrukhariArmourProficiency_,AeldariArmourProficiency_F,AdeptaSororitas_Occupation)
连射 Suppress	怒火 · 首席连射	2	0	0adaa28e654e4fd6a74830eed3f63390	血腥礼赞	ArgentaBolterUnique_Item	Weapon	Unique	0	REQ(BolterWeaponProficiency) EXCL(SpaceMarineEquipment_Profi,DrukhariArmourProficiency_,AeldariArmourProficiency_F)
连射 Suppress	怒火 · 首席连射	2	1	1ba5fc1726374b2a856b53ca172a3460	泪如泉涌	BolterCH05Unique_Item	Weapon	Pattern	0	EXCL(SpaceMarineEquipment_Profi,DrukhariArmourProficiency_,AeldariArmourProficiency_F) REQ(BolterWeaponProficiency)
连射 Suppress	怒火 · 首席连射	2	2	0f1194cdb530486f83be00c653ccab49	英勇不灭	ArgentaStartBolter_Item	Weapon	Pattern	0	REQ(BolterWeaponProficiency) EXCL(SpaceMarineEquipment_Profi,DrukhariArmourProficiency_,AeldariArmourProficiency_F) EXCL(SpaceMarineEquipment_Profi,DrukhariArmourProficiency_,AeldariArmourProficiency_F)
连射 Suppress	怒火 · 首席连射	2	3	dec66b3861c64c088c5f38fd49024d44	改良重型爆矢枪	SarragusHeavyBolter_Item	Weapon	Unique	0	Stat152>=75 EXCL(DrukhariArmourProficiency_,AeldariArmourProficiency_F) REQ(BolterWeaponProficiency)
连射 Suppress	怒火 · 首席连射	2	4	b11dc12ae9e943c29cce0aa7d52bf980	重型爆矢枪	HeavyBolter_Item	Weapon	Common	0	Stat152>=60 EXCL(DrukhariArmourProficiency_,AeldariArmourProficiency_F) REQ(BolterWeaponProficiency)
连射 Suppress	怒火 · 首席连射	3	0	95c17d495720443fa840ea8886643e69	愤怒化身	FuriousAmulet_Item	EquipmentNeck	Unique	0	
连射 Suppress	怒火 · 首席连射	4	0	9050161424de439392bd6710898e0e4b	力量念珠	BeadOfMight_Item	EquipmentRing	Unique	0	
连射 Suppress	怒火 · 首席连射	5	0	d39b28ade6844440833698efa3d8e2a7	胜利回响	TransonicEmitter_Item	EquipmentRing	Unique	0	
连射 Suppress	怒火 · 首席连射	6	0	e97a0c7f8b9544c4a53b2ff78d57aa45	补偿器手套	CompensatorGloves_Item	EquipmentGloves	Common	0	EXCL(AeldariArmourProficiency_F,SpaceMarineEquipment_Featu,DrukhariArmourProficiency_)
连射 Suppress	怒火 · 首席连射	7	0	8f1e2d1deb234d2688c2a3e7f9a4106e	战术背包	TacticalBackpack_Item	EquipmentShoulders	Unique	0	EXCL(SpaceMarineEquipment_Featu)
连射 Suppress	怒火 · 首席连射	8	0	9dea103b7d9d41238a318142cf057273	散兵战靴	SkirmisherBoots_Item	EquipmentFeet	Common	0	EXCL(SpaceMarineEquipment_Featu)
连射 Suppress	怒火 · 首席连射	9	0	e807b19418564d1a8dedcc8b7def2d5b	聚焦发射器 (MK“士兵”)	Augment_Eye_01_Shoot_Soldier_Item	Augment	Pattern	0	EXCL(SpaceMarineEquipment_Featu,DrukhariArmourProficiency_,AeldariArmourProficiency_F,Navigator_Occupation_Featu)
连射 Suppress	怒火 · 首席连射	10	0	80a9a29d43f04f98a57525d5e2ea57ff	武器优化仪 (MK-II)	Augment_Torso_03_MK_2_Item	Augment	Unique	0	EXCL(SpaceMarineEquipment_Featu,DrukhariArmourProficiency_,AeldariArmourProficiency_F,Navigator_Occupation_Featu,ColdTraderOrigin) AugmentTier
连射 Suppress	怒火 · 首席连射	10	1	abb367ffd0f944a1819d719e8eff8142	武器优化仪 (MK“首席战士”)	Augment_Torso_03_Archmilitant_Item	Augment	Unique	0	EXCL(SpaceMarineEquipment_Featu,DrukhariArmourProficiency_,AeldariArmourProficiency_F,Navigator_Occupation_Featu,ColdTraderOrigin) AugmentTier
连射 Suppress	怒火 · 首席连射	10	2	068cc4c34bcd483ebd018b206ba9a7a8	武器优化仪 (MK-I)	Augment_Torso_03_MK_1_Item	Augment	Pattern	0	EXCL(SpaceMarineEquipment_Featu,DrukhariArmourProficiency_,AeldariArmourProficiency_F,Navigator_Occupation_Featu,ColdTraderOrigin)
连射 Suppress	怒火 · 首席连射	11	0	846a2ae351a34cfd921d5f15d9c2445c	公义之手	Augment_Arm_Dogmatic_Item	Augment	Pattern	0	REQ(1dbbd844e25b447e99f247c3a8) EXCL(SpaceMarineEquipment_Featu,DrukhariArmourProficiency_,AeldariArmourProficiency_F,Navigator_Occupation_Featu,ManipulusOccupation_Featur)
连射 Suppress	圣焰 · 净罪修女	0	0	1ba5fc1726374b2a856b53ca172a3460	泪如泉涌	BolterCH05Unique_Item	Weapon	Pattern	0	EXCL(SpaceMarineEquipment_Profi,DrukhariArmourProficiency_,AeldariArmourProficiency_F) REQ(BolterWeaponProficiency)
连射 Suppress	圣焰 · 净罪修女	1	0	594030b15093416c925dabc415eda101	高级重型伐木枪	AdvancedHeavyStubber_Item	Weapon	Unique	0	Stat152>=55 EXCL(DrukhariArmourProficiency_,AeldariArmourProficiency_F)
连射 Suppress	圣焰 · 净罪修女	2	0	eb8c58901bb049ec9ad3775c31eeabfe	命运之星	SororitasPowerArmourFury_Item	Armor	Unique	0	REQ(PowerArmourProficiency,AdeptaSororitas_Occupation)
连射 Suppress	圣焰 · 净罪修女	3	0	026fd90c104c49e6954f942301db03bc	呢喃低语	VulnerabilityVisor_Item	EquipmentHead	Unique	0	EXCL(SpaceMarineEquipment_Featu)
连射 Suppress	圣焰 · 净罪修女	4	0	50ebc5b251654468a58ab50499730f10	受祝福的爆矢枪弹壳	BlessedBolterCasing_Item	EquipmentNeck	Unique	0	
连射 Suppress	圣焰 · 净罪修女	5	0	e97a0c7f8b9544c4a53b2ff78d57aa45	补偿器手套	CompensatorGloves_Item	EquipmentGloves	Common	0	EXCL(AeldariArmourProficiency_F,SpaceMarineEquipment_Featu,DrukhariArmourProficiency_)
连射 Suppress	圣焰 · 净罪修女	6	0	bf14d8f09fc2408195714bddd33951f1	战斗修女之靴	SororitasBoots_Item	EquipmentFeet	Common	0	EXCL(AeldariArmourProficiency_F,SpaceMarineEquipment_Featu,DrukhariArmourProficiency_,fb7efcba2dcc427da2324d4066)
连射 Suppress	圣焰 · 净罪修女	7	0	5a72eae8e3cd4190b6f8ccce98444a25	防火斗篷	FireproofCape_Item	EquipmentShoulders	Common	0	EXCL(SpaceMarineEquipment_Featu)
连射 Suppress	圣焰 · 净罪修女	8	0	e9d624a784a24b7f9ff0a363481c285d	兴奋剂注射器	StimulantInjector_Item	EquipmentRing	Unique	0	
连射 Suppress	圣焰 · 净罪修女	9	0	cd22628cc51f40dcb9383ceabee71453	战祷之书	TomeOfCombatPrayers_Item	EquipmentRing	Unique	0	
连射 Suppress	圣焰 · 净罪修女	10	0	e807b19418564d1a8dedcc8b7def2d5b	聚焦发射器 (MK“士兵”)	Augment_Eye_01_Shoot_Soldier_Item	Augment	Pattern	0	EXCL(SpaceMarineEquipment_Featu,DrukhariArmourProficiency_,AeldariArmourProficiency_F,Navigator_Occupation_Featu)
连射 Suppress	圣焰 · 净罪修女	11	0	846a2ae351a34cfd921d5f15d9c2445c	公义之手	Augment_Arm_Dogmatic_Item	Augment	Pattern	0	REQ(1dbbd844e25b447e99f247c3a8) EXCL(SpaceMarineEquipment_Featu,DrukhariArmourProficiency_,AeldariArmourProficiency_F,Navigator_Occupation_Featu,ManipulusOccupation_Featur)
灵能 Psy/Exec	亚空间审判者	0	0	7da9005aaf4d49969ff989cf0b1619cb	烈阳法杖	SolarStaff_Item	Weapon	Pattern	0	REQ(Pyromancy_Base_Feature)
灵能 Psy/Exec	亚空间审判者	1	0	2059b9aeefb24b1fb1072c08b9859439	致命信使	Repeater_Longlas_Item	Weapon	Unique	0	EXCL(SpaceMarineEquipment_Profi,DrukhariArmourProficiency_,AeldariArmourProficiency_F)
灵能 Psy/Exec	亚空间审判者	2	0	ea60e97cfbe14231b8fdb8e1702b5f70	雷霆主宰	Coil_Reactive_PowerArmor_Item	Armor	Unique	0	REQ(PowerArmourProficiency) EXCL(SpaceMarineEquipment_Featu,DrukhariArmourProficiency_,AeldariArmourProficiency_F) EXCL(AdeptaSororitas_Occupation)
灵能 Psy/Exec	亚空间审判者	3	0	07dea798ee0f49e78efe25a7213e3717	战术护目镜	TacticalGoggles_Item	EquipmentHead	Unique	0	EXCL(SpaceMarineEquipment_Featu)
灵能 Psy/Exec	亚空间审判者	4	0	2c37192f73bf4b89abd89d12e4040d75	活力项饰	InvigoratingResolve_Item	EquipmentNeck	Common	0	
灵能 Psy/Exec	亚空间审判者	5	0	f3c90d709b2b4bf58da8fc6704e08fdb	行刑者臂铠	EnhancementGloves_Item	EquipmentGloves	Unique	0	EXCL(SpaceMarineEquipment_Featu)
灵能 Psy/Exec	亚空间审判者	6	0	b5a23e5ce00248efb454d07871f5b3d4	惯性之靴	InertiaBoots_Item	EquipmentFeet	Common	0	EXCL(SpaceMarineEquipment_Featu)
灵能 Psy/Exec	亚空间审判者	7	0	819721a3da0740b6943b36f5d3d6dfd3	马尔皮裹尸布	IronCape_Item	EquipmentShoulders	Common	0	EXCL(SpaceMarineEquipment_Featu)
灵能 Psy/Exec	亚空间审判者	8	0	354cbd5a61c440aaa2f23c392467a09b	灵能猛袭之手	HandOfOffense_Item	EquipmentRing	Common	0	
灵能 Psy/Exec	亚空间审判者	9	0	3103e1561110474d89a4b7ce1c13824e	弱点笔记	NotesOnWeaknesses_Item	EquipmentRing	Unique	0	
灵能 Psy/Exec	火杖行刑者	0	0	7da9005aaf4d49969ff989cf0b1619cb	烈阳法杖	SolarStaff_Item	Weapon	Pattern	0	REQ(Pyromancy_Base_Feature)
灵能 Psy/Exec	火杖行刑者	1	0	298bd4183b9048b296ae1367870be2bd	血色契约	DeathCultKnifeUnique_Item	Weapon	Unique	0	EXCL(SpaceMarineEquipment_Profi,AeldariArmourProficiency_F,DrukhariArmourProficiency_)
灵能 Psy/Exec	火杖行刑者	2	0	4127a489515c4b9b9181d9b61fd33ec7	反载具左轮手枪	AntiVechicle_StubRevolver_Item	Weapon	Unique	0	EXCL(SpaceMarineEquipment_Profi,DrukhariArmourProficiency_,AeldariArmourProficiency_F)
灵能 Psy/Exec	火杖行刑者	3	0	ea60e97cfbe14231b8fdb8e1702b5f70	雷霆主宰	Coil_Reactive_PowerArmor_Item	Armor	Unique	0	REQ(PowerArmourProficiency) EXCL(SpaceMarineEquipment_Featu,DrukhariArmourProficiency_,AeldariArmourProficiency_F) EXCL(AdeptaSororitas_Occupation)
灵能 Psy/Exec	火杖行刑者	4	0	7f67bc4d7e1c4ef6b217b46e4f55bf0b	乔伊斯之眼	SanctifiedHelmet_Item	EquipmentHead	Unique	0	REQ(SanctionedPsyker) EXCL(AeldariArmourProficiency_F,SpaceMarineEquipment_Featu,DrukhariArmourProficiency_)
灵能 Psy/Exec	火杖行刑者	5	0	c36e22c76e7c4a3aabdc397ad319ba54	卡西娅的礼物	LoveAmulet_Item	EquipmentNeck	Unique	0	MainPlayer
灵能 Psy/Exec	火杖行刑者	6	0	f3c90d709b2b4bf58da8fc6704e08fdb	行刑者臂铠	EnhancementGloves_Item	EquipmentGloves	Unique	0	EXCL(SpaceMarineEquipment_Featu)
灵能 Psy/Exec	火杖行刑者	7	0	b5a23e5ce00248efb454d07871f5b3d4	惯性之靴	InertiaBoots_Item	EquipmentFeet	Common	0	EXCL(SpaceMarineEquipment_Featu)
灵能 Psy/Exec	火杖行刑者	8	0	819721a3da0740b6943b36f5d3d6dfd3	马尔皮裹尸布	IronCape_Item	EquipmentShoulders	Common	0	EXCL(SpaceMarineEquipment_Featu)
灵能 Psy/Exec	火杖行刑者	9	0	354cbd5a61c440aaa2f23c392467a09b	灵能猛袭之手	HandOfOffense_Item	EquipmentRing	Common	0	
灵能 Psy/Exec	火杖行刑者	10	0	f9605255721848fdaa96c15fd30c54f2	虚空魔典	GrimoireOfVoid_Item	EquipmentRing	Unique	0	
军官 Officer	谕令 · 灵能军官	0	0	24a156a6132d46a982f2f3a7c794ecbd	政委帽	CommissarCap_Item	EquipmentHead	Unique	0	EXCL(AeldariArmourProficiency_F,SpaceMarineEquipment_Featu,DrukhariArmourProficiency_)
军官 Officer	谕令 · 灵能军官	1	0	5f4091e7ebae4cfea6831d72db37ba33	吸血法杖	BlooddrinkingStaff_Item	Weapon	Common	0	REQ(Biomancy_Base_Feature)
军官 Officer	谕令 · 灵能军官	2	0	f44d8c44d5044cbda7539cac89410670	星尘围巾	StarmistScarf_Item	EquipmentNeck	Unique	0	
军官 Officer	谕令 · 灵能军官	3	0	bc66c47af73e48b4b28c090808213182	审判庭的黑色图章	InquisitorGreaterRing_Item	EquipmentRing	Common	0	
军官 Officer	谕令 · 灵能军官	4	0	d9c2e54b06e542919c56e1ea9e4bc959	指挥官笔记	CommandersNotes_Item	EquipmentRing	Unique	0	
军官 Officer	谕令 · 灵能军官	5	0	4cef7e667b50432299e32f1db5e0878a	深渊织网者手套	AbyssWeaverGloves_Item	EquipmentGloves	Common	0	EXCL(SpaceMarineEquipment_Profi)
军官 Officer	谕令 · 灵能军官	6	0	a6d0c20d7be04f4a969aa567c7bb7c7b	悯慈的礼物	TacticianCloak_Item	EquipmentShoulders	Unique	0	EXCL(SpaceMarineEquipment_Featu)
军官 Officer	谕令 · 灵能军官	7	0	549d7fa415204658859486c29b2d6dbe	腐朽之靴	BootsOfDecay_Item	EquipmentFeet	Common	0	EXCL(AeldariArmourProficiency_F,SpaceMarineEquipment_Featu,DrukhariArmourProficiency_)
军官 Officer	铁律 · 政委军官	0	0	c22406ff733b403ea8b4b4b78c47cda9	外围面甲	PeripheralVisor_Item	EquipmentHead	Unique	0	EXCL(SpaceMarineEquipment_Featu)
军官 Officer	铁律 · 政委军官	1	0	3f677383da874ab1ba5c8e106cfa9c72	人类拥护者	PurityOfHumanity_PowerArmor_Item	Armor	Unique	0	REQ(PowerArmourProficiency) EXCL(SpaceMarineEquipment_Profi,DrukhariArmourProficiency_,AeldariArmourProficiency_F,AdeptaSororitas_Occupation)
军官 Officer	铁律 · 政委军官	2	0	4127a489515c4b9b9181d9b61fd33ec7	反载具左轮手枪	AntiVechicle_StubRevolver_Item	Weapon	Unique	0	EXCL(SpaceMarineEquipment_Profi,DrukhariArmourProficiency_,AeldariArmourProficiency_F)
军官 Officer	铁律 · 政委军官	3	0	ccc03cf23d0e4681a7bedf3d2c14f22c	活力勋章	MedalOfInspiration_Item	EquipmentNeck	Unique	0	
军官 Officer	铁律 · 政委军官	4	0	50c5be09ff9942969db57298b1beb4cb	作战计划	BattlePlan_Item	EquipmentRing	Unique	0	
军官 Officer	铁律 · 政委军官	5	0	47b52da77a194da2837e6d6ebfb9e918	指挥官计时器	CommandersChrono_Item	EquipmentRing	Common	0	
军官 Officer	铁律 · 政委军官	6	0	1b447777d38f43baa643fc2e915d6ef3	神射手护腕	StabilizerBracers_Item	EquipmentGloves	Common	0	EXCL(SpaceMarineEquipment_Featu)
军官 Officer	铁律 · 政委军官	7	0	2c652a9bf6d94ee189ad13e7330fbe1a	行商浪人斗篷	LeadersCloak_Item	EquipmentShoulders	Unique	0	EXCL(SpaceMarineEquipment_Featu)
