unit	slot	guid	label
StartGame_Player_Unit	Head	7f67bc4d7e1c4ef6b217b46e4f55bf0b	乔伊斯之眼[Unique]<SanctifiedHelmet_Item>
StartGame_Player_Unit	Neck	c36e22c76e7c4a3aabdc397ad319ba54	卡西娅的礼物[Unique]<LoveAmulet_Item>
StartGame_Player_Unit	Gloves	f3c90d709b2b4bf58da8fc6704e08fdb	行刑者臂铠[Unique]<EnhancementGloves_Item>
StartGame_Player_Unit	Feet	b5a23e5ce00248efb454d07871f5b3d4	惯性之靴[Common]<InertiaBoots_Item>
StartGame_Player_Unit	Shoulders	819721a3da0740b6943b36f5d3d6dfd3	马尔皮裹尸布[Common]<IronCape_Item>
StartGame_Player_Unit	Ring1	354cbd5a61c440aaa2f23c392467a09b	灵能猛袭之手[Common]<HandOfOffense_Item>
StartGame_Player_Unit	Ring2	f9605255721848fdaa96c15fd30c54f2	虚空魔典[Unique]<GrimoireOfVoid_Item>
StartGame_Player_Unit	Armor	99d54e96fa724292890f41d29246159c	灵能者胸甲[Unique]<PsykerTempestusCarapace_Item>
AbelardCompanion	Head	f6f3b301deb5474c92de0560e8ac2f22	决心头盔[Unique]<CalmingHelmet_Item>
AbelardCompanion	Neck	78d1a75785df4d638b813d5b8e32d817	遗忘恩典[Common]<ServoCollar_Item>
AbelardCompanion	Gloves	db9cd531f9914828915fa4158d07f6d0	植入物手套[Common]<AugmentedlGloves_Item>
AbelardCompanion	Feet	470ac5563173442c858b767d68e27836	不屈先锋之靴[Unique]<BeaconBoots_Item>
AbelardCompanion	Shoulders	e16a1788d69040328ac3b706cd873e06	英雄主义披风[Unique]<CloakOfHeroes_Item>
AbelardCompanion	Ring1	5f77ec7d55304efc9c7eb92748d3ba17	饮血戒指[Unique]<Absorber_Item>
AbelardCompanion	Ring2	6b85b79132e140a7a52d9fe32d8f5c36	双重护套[Common]<PairHolster_Item>
AbelardCompanion	Armor	aefff08c4a7843c4982c66fbd423674e	外层胸甲[Common]<CasingChestplate_Item>
AbelardCompanion	Augment	d298fed4a4664d238fbb28e385ff3100	总领的单筒望远镜[Unique]<Augment_Eye_Abelard_Item>
IdiraCompanion	Head	2b0b6002e828482ebfbe60fbfce20e70	精确定位面甲[Unique]<HealthStatusVisor_Item>
IdiraCompanion	Neck	0725047650984d45b0aa1afe1e370f30	黑暗活力宝石[Unique]<GemOfDarkVitalty_Item>
IdiraCompanion	Gloves	d97030a93d5a4b66968054b15f707004	耐力手套[Common]<GlovesOfSelf-sacrifice_Item>
IdiraCompanion	Feet	6f43e63d9cb54ed3b782a9924f8975e9	灵能者的鞋子[Unique]<PsykerBoots_Item>
IdiraCompanion	Shoulders	ffb2c49cb2cd4c529df7f1d8b937157b	紧急注射器[Unique]<StasisFieldGenerator_Item>
IdiraCompanion	Armor	2d262a9870604d3e88260a11c984d725	暴风坚甲[Pattern]<TempestusCarapace_Item>
IdiraCompanion	Augment	2eb45d79c74c4164aa8c5adf34865543	灰兜帽[Pattern]<Augment_Systems_Idira_Item>
ArgentaCompanion	Head	026fd90c104c49e6954f942301db03bc	呢喃低语[Unique]<VulnerabilityVisor_Item>
ArgentaCompanion	Neck	50ebc5b251654468a58ab50499730f10	受祝福的爆矢枪弹壳[Unique]<BlessedBolterCasing_Item>
ArgentaCompanion	Gloves	e97a0c7f8b9544c4a53b2ff78d57aa45	补偿器手套[Common]<CompensatorGloves_Item>
ArgentaCompanion	Feet	bf14d8f09fc2408195714bddd33951f1	战斗修女之靴[Common]<SororitasBoots_Item>
ArgentaCompanion	Shoulders	5a72eae8e3cd4190b6f8ccce98444a25	防火斗篷[Common]<FireproofCape_Item>
ArgentaCompanion	Ring1	e9d624a784a24b7f9ff0a363481c285d	兴奋剂注射器[Unique]<StimulantInjector_Item>
ArgentaCompanion	Ring2	cd22628cc51f40dcb9383ceabee71453	战祷之书[Unique]<TomeOfCombatPrayers_Item>
ArgentaCompanion	Armor	9dec89a18f9a4175852ffa669fc05f6d	命运之星[Unique]<SororitasPowerArmourFire_Item>
ArgentaCompanion	Augment	e807b19418564d1a8dedcc8b7def2d5b	聚焦发射器 (MK“士兵”)[Pattern]<Augment_Eye_01_Shoot_Soldier_Item>
ArgentaCompanion	Augment	846a2ae351a34cfd921d5f15d9c2445c	公义之手[Pattern]<Augment_Arm_Dogmatic_Item>
CassiaCompanion	Head	19c9755559574a7ea34adb408f8c5c06	导航者单片眼镜[Common]<NavigatorsMonocle_Item>
CassiaCompanion	Neck	2c37192f73bf4b89abd89d12e4040d75	活力项饰[Common]<InvigoratingResolve_Item>
CassiaCompanion	Gloves	338125478641436b97701a470e0316f0	三重先驱护腕[Unique]<TheobaldsBracers_Item>
CassiaCompanion	Feet	318af825b43544878072523c0a579e07	远征者之靴[Common]<SoftLeatherBoots_Item>
CassiaCompanion	Shoulders	2c652a9bf6d94ee189ad13e7330fbe1a	行商浪人斗篷[Unique]<LeadersCloak_Item>
CassiaCompanion	Ring1	bc66c47af73e48b4b28c090808213182	审判庭的黑色图章[Common]<InquisitorGreaterRing_Item>
CassiaCompanion	Ring2	d9c2e54b06e542919c56e1ea9e4bc959	指挥官笔记[Unique]<CommandersNotes_Item>
CassiaCompanion	Armor	669b3e6ee72340e69f4a7320b34b9a2d	高阶织网者护甲[Unique]<EliteDeathCultArmour_Item>
KibellahCompanion	Neck	cd08476d43d049e986b04a1584c3d1e4	殉道者骨符[Unique]<BloodTransfusor_Item>
KibellahCompanion	Gloves	bf136a3367e64f138bb07fe6f990af57	深红湮灭[Unique]<BloodGloves_Item>
KibellahCompanion	Feet	0f2b5ec7a0064b5183cd208d464d0d04	战争狂人之靴[Common]<WarmongerBoots_Item>
KibellahCompanion	Shoulders	4b2b5f6ab84a40d4a807d57bf3c9916c	刀锋舞者斗篷[Unique]<CapeOfDeath_Item>
KibellahCompanion	Ring1	9f512940203c4d15b243b7a20d289415	坚硬指虎[Unique]<KnuckleGuard_Item>
KibellahCompanion	Ring2	40d7240079af4473baa1f1183b7d3bc7	解剖指南[Unique]<AnatomyBook_Item>
KibellahCompanion	Armor	669b3e6ee72340e69f4a7320b34b9a2d	高阶织网者护甲[Unique]<EliteDeathCultArmour_Item>
KibellahCompanion	Augment	372c3403a9a34805847fa3ab038e4c3e	大脑逆变器 (MK“战术家”)[Pattern]<Augment_Systems_05_Logic_Tactic_Item>
PascalCompanion	Head	25ca5def438d4507a20777568b4e4f3d	自动校准目镜[Unique]<PreciseGoggles_Item>
PascalCompanion	Neck	2c37192f73bf4b89abd89d12e4040d75	活力项饰[Common]<InvigoratingResolve_Item>
PascalCompanion	Gloves	7a1737f48b1645108b328f0a9e20835e	等离子塑能者手套[Common]<PlasmashaperGloves_Item>
PascalCompanion	Feet	9dea103b7d9d41238a318142cf057273	散兵战靴[Common]<SkirmisherBoots_Item>
PascalCompanion	Shoulders	5cb87d3dc97b465a8aebe0797b894aa0	幻影斗篷[Unique]<PhantomCloak_Item>
PascalCompanion	Ring1	2701c7846075433292ef5cb95a47237f	坚甲碎片[Unique]<CarapaceFragment_Item>
PascalCompanion	Ring2	c4fb1ef0fbd7422a906e212f4d69855d	欧姆尼赛亚之触[Common]<ManipulusRingCh2P1_Item>
PascalCompanion	Armor	56a01fd50087462e84654aebe473b995	【源自战争世界】暴风精锐坚甲[Pattern]<TempestusCarapaceOrigin2_Item>
PascalCompanion	Augment	9574a2028a5640b181202068c88759f8	分析系统[Common]<Augment_ForgeWorld_AnalyticsSystem_Item>
PascalCompanion	Augment	f6dd66c8534a4bb89dd1a086a7de55f5	生物力学骨骼链接[Unique]<Augment_Admech_Pasqal_PriestCore_Item>
PascalCompanion	Augment	2a9570c7d6af4eaf8bc395438e30cfd2	蓄能节点[Unique]<Augment_Admech_Pasqal_CapacitoralMinoris_Item>
PascalCompanion	Augment	130ca69e986f414296669e7fff6a5d4a	神经痛苦探针[Unique]<Augment_Admech_Pasqal_Commorragh_Item>
HeinrixCompanion	Head	07dea798ee0f49e78efe25a7213e3717	战术护目镜[Unique]<TacticalGoggles_Item>
HeinrixCompanion	Neck	2c37192f73bf4b89abd89d12e4040d75	活力项饰[Common]<InvigoratingResolve_Item>
HeinrixCompanion	Gloves	f3c90d709b2b4bf58da8fc6704e08fdb	行刑者臂铠[Unique]<EnhancementGloves_Item>
HeinrixCompanion	Feet	b5a23e5ce00248efb454d07871f5b3d4	惯性之靴[Common]<InertiaBoots_Item>
HeinrixCompanion	Shoulders	819721a3da0740b6943b36f5d3d6dfd3	马尔皮裹尸布[Common]<IronCape_Item>
HeinrixCompanion	Ring1	354cbd5a61c440aaa2f23c392467a09b	灵能猛袭之手[Common]<HandOfOffense_Item>
HeinrixCompanion	Ring2	3103e1561110474d89a4b7ce1c13824e	弱点笔记[Unique]<NotesOnWeaknesses_Item>
HeinrixCompanion	Armor	669b3e6ee72340e69f4a7320b34b9a2d	高阶织网者护甲[Unique]<EliteDeathCultArmour_Item>
JaeCompanion	Shoulders	de2f5ce2589b4952a9b036ab7e2ccc02	折光斗篷[Common]<CameleolineCloak_Item>
JaeCompanion	Armor	18922ff0beee40fe95c7b9be3872be5a	硬化护甲外衣[Common]<ArmoredBodyglove_Item>
JaeCompanion	Augment	88ad53e2e54b46ef834571294b07aeee	供养之手[Pattern]<Augment_LeftArm_Jae_Item>
EogannCompanion	Augment	5b46732f51a9413bbc94491ac63c807f	磁轨长矛[Pattern]<Augment_Arm_Manipulus_MagnaRailLance_Item>
EogannCompanion	Augment	9574a2028a5640b181202068c88759f8	分析系统[Common]<Augment_ForgeWorld_AnalyticsSystem_Item>
EogannCompanion	Augment	28e0eb91889b4ddca59830abb90208b9	动能导管[Pattern]<Augment_Admech_Eogann_ManipulusCore_Item>
EogannCompanion	Augment	c9801dbe50a545a784e650b7e4aaaac5	瘴气净化导管[Pattern]<Augment_Admech_Eogann_AirPurificationSystem_Item>
EogannCompanion	Augment	fa87fe5faab24943928f8c7e0301c55a	次级电激囚笼[Pattern]<Augment_Admech_Eogann_AbsorbatorMinoris_Item>
YrlietCompanion	Head	70bcc270b4ce449c8806a466f687d7e2	审讯目镜[Unique]<InterrogationGoggles_Item>
YrlietCompanion	Neck	0013f823fa3741c59d2617484888b89b	伊莉耶特的护身符[Unique]<YrlietCharm_Item>
YrlietCompanion	Gloves	96bcb56f3f1f4930b2eda5cfbb269042	灾亡手套[Common]<BulletHellGloves_Item>
YrlietCompanion	Feet	1d43c1f399e945a785423a2a800b2499	追踪靴[Unique]<TrackingBoots_Item>
YrlietCompanion	Shoulders	8106576e497f4b6ea99da4de1b964ef9	穿甲弹药背包[Unique]<BackpackWithTraumaticBullets_Item>
YrlietCompanion	Ring1	8a74cb37c4d44537a0921c3ff1f03cc6	衰竭圣典[Common]<WeaknessExpertsLitany_Item>
YrlietCompanion	Ring2	3830a4dc0fc4453cb4392e6500b20098	艾达灵族游侠之视[Common]<EldarRangerSights_Item>
YrlietCompanion	Armor	fda161d189d74905a58ce2c9560c0226	游侠护甲[Pattern]<DrukhariRangerArmour_Item>
SolomorneCompanion	Armor	725789f69a104d3e9f94343cc99a33dd	重新激活护甲[Unique]<ReactivatorArmour_Item>
SolomorneCompanion	Augment	d0876b1bcdf14c559fd38ccfa53e498b	主控链接目镜[Unique]<Augment_Eye_Solomorne_Item>
SolomorneCompanion	Augment	39b7f180bb524f1bae8216fc221b46d9	忏悔之手[Pattern]<Augment_LeftArm_Solomorne_Item>
BoardedShip_Arbites_Stein_Pregen	Armor	711e9b3f3738440fb5b7337cdce7d553	?[Common]<Arbites_StandartArmour_BoardedShip_Unlootable_Item>
BoardedShip_Arbites_Clayton_Pregen	Armor	711e9b3f3738440fb5b7337cdce7d553	?[Common]<Arbites_StandartArmour_BoardedShip_Unlootable_Item>
BoardedShip_Arbites_Bryce_Pregen	Armor	81fd891df31f456494e4209a48a1ea04	?[Common]<Arbites_BryceArmour_BoardedShip_Unlootable_Item>
UlfarCompanion	Head	f1ca99d25509440ea4eca1fcce38c1dc	赤狼头骨[Common]<TankUlfarHelmet_Item>
UlfarCompanion	Neck	553d02360e5640bcad28d88b745c974a	血光飞溅[Common]<RubySplash_Item>
UlfarCompanion	Gloves	93dd7ab998aa4676b78281792ea619e8	血冰臂铠[Unique]<CompensatorAstartesGloves_Item>
UlfarCompanion	Feet	1e436fcc4bb24969baa184be84784095	阿斯塔特动力靴[Unique]<PowerBoots_Item>
UlfarCompanion	Shoulders	34abddeecf7a4024974d364e15ee7637	狼皮斗篷[Common]<WolfPeltCloak_Item>
UlfarCompanion	Ring1	abb1cff0af5748898bad93a355817e4c	轻型机械手[Unique]<PortativeManipulator_Item>
UlfarCompanion	Ring2	adc85a241d064fb7aca5153919532fd4	利刃之翼[Common]<SomeLoreWings_Item>
UlfarCompanion	Armor	a793aa6d59704a369c1d10a445a6eb80	狼皮[Pattern]<UlfarArmor_Item>
